{
  "$schema": "https://developer.microsoft.com/json-schemas/spfx/client-side-web-part-manifest.schema.json",
  "id": "6a006e4c-531d-4ba8-985c-2fae9a5397cd",
  "alias": "OrderformWebPart",
  "componentType": "WebPart",


  "version": "*",
  "manifestVersion": 2,


  "requiresCustomScript": false,
  "supportedHosts": ["SharePointWebPart"],

  "preconfiguredEntries": [{
    "groupId": "5c03119e-3074-46fd-976b-c60198311f70",
    "group": { "default": "Other" },
    "title": { "default": "orderform" },
    "description": { "default": "orderform description" },
    "officeFabricIconFontName": "Page",
    "properties": {
      "description": "orderform"
    }
  }]
}
