{"id":"6a006e4c-531d-4ba8-985c-2fae9a5397cd","alias":"OrderformWebPart","componentType":"WebPart","version":"0.0.1","manifestVersion":2,"requiresCustomScript":false,"supportedHosts":["SharePointWebPart"],"preconfiguredEntries":[{"groupId":"5c03119e-3074-46fd-976b-c60198311f70","group":{"default":"Other"},"title":{"default":"orderform"},"description":{"default":"orderform description"},"officeFabricIconFontName":"Page","properties":{"description":"orderform"}}],"loaderConfig":{"entryModuleId":"orderform-web-part","internalModuleBaseUrls":["<!-- PATH TO CDN -->/"],"scriptResources":{"orderform-web-part":{"type":"path","path":"orderform-web-part_212ae2c0ec1b3a2f717112411578eec4.js"},"ControlStrings":{"defaultPath":"orderform-controlstrings_en-us_39a6ff1609eca78af6bf490890200fa7.js","type":"localizedPath","paths":{"eu-ES":"orderform-controlstrings_eu-es_511321cb9b07e1ffa35c0ea620681a6b.js","en-US":"orderform-controlstrings_en-us_39a6ff1609eca78af6bf490890200fa7.js","bn":"orderform-controlstrings_en-us_39a6ff1609eca78af6bf490890200fa7.js","chr":"orderform-controlstrings_en-us_39a6ff1609eca78af6bf490890200fa7.js","dv":"orderform-controlstrings_en-us_39a6ff1609eca78af6bf490890200fa7.js","div":"orderform-controlstrings_en-us_39a6ff1609eca78af6bf490890200fa7.js","en":"orderform-controlstrings_en-us_39a6ff1609eca78af6bf490890200fa7.js","fil":"orderform-controlstrings_en-us_39a6ff1609eca78af6bf490890200fa7.js","haw":"orderform-controlstrings_en-us_39a6ff1609eca78af6bf490890200fa7.js","iu":"orderform-controlstrings_en-us_39a6ff1609eca78af6bf490890200fa7.js","lo":"orderform-controlstrings_en-us_39a6ff1609eca78af6bf490890200fa7.js","moh":"orderform-controlstrings_en-us_39a6ff1609eca78af6bf490890200fa7.js","et-EE":"orderform-controlstrings_et-ee_b4aaf73843f6c923ba80f16d8f1f9694.js","de-DE":"orderform-controlstrings_de-de_1b10e74c3734c3bbfdd2b2baaef3ff21.js","de":"orderform-controlstrings_de-de_1b10e74c3734c3bbfdd2b2baaef3ff21.js","dsb":"orderform-controlstrings_de-de_1b10e74c3734c3bbfdd2b2baaef3ff21.js","rm":"orderform-controlstrings_de-de_1b10e74c3734c3bbfdd2b2baaef3ff21.js","hsb":"orderform-controlstrings_de-de_1b10e74c3734c3bbfdd2b2baaef3ff21.js","ca-ES":"orderform-controlstrings_ca-es_7055c1f4e4776d431035460e44fc0458.js","fi-FI":"orderform-controlstrings_fi-fi_890009cc88d560c82a7ac38dc339b00c.js","sms":"orderform-controlstrings_fi-fi_890009cc88d560c82a7ac38dc339b00c.js","se-FI":"orderform-controlstrings_fi-fi_890009cc88d560c82a7ac38dc339b00c.js","se-Latn-FI":"orderform-controlstrings_fi-fi_890009cc88d560c82a7ac38dc339b00c.js","es-ES":"orderform-controlstrings_es-es_4736469aebcff1773bdec3d9e102bebc.js","gn":"orderform-controlstrings_es-es_4736469aebcff1773bdec3d9e102bebc.js","quz":"orderform-controlstrings_es-es_4736469aebcff1773bdec3d9e102bebc.js","es":"orderform-controlstrings_es-es_4736469aebcff1773bdec3d9e102bebc.js","ca-ES-valencia":"orderform-controlstrings_es-es_4736469aebcff1773bdec3d9e102bebc.js","ja-JP":"orderform-controlstrings_ja-jp_59bd518f5725ec0783f4b18ee3364a8c.js","lt-LT":"orderform-controlstrings_lt-lt_34b6b5d0b1ba62d59f2a0f9ca3474b78.js","nb-NO":"orderform-controlstrings_nb-no_22c043e9e56a33df99c4479e3c8d597f.js","no":"orderform-controlstrings_nb-no_22c043e9e56a33df99c4479e3c8d597f.js","nb":"orderform-controlstrings_nb-no_22c043e9e56a33df99c4479e3c8d597f.js","nn":"orderform-controlstrings_nb-no_22c043e9e56a33df99c4479e3c8d597f.js","smj-NO":"orderform-controlstrings_nb-no_22c043e9e56a33df99c4479e3c8d597f.js","smj-Latn-NO":"orderform-controlstrings_nb-no_22c043e9e56a33df99c4479e3c8d597f.js","se-NO":"orderform-controlstrings_nb-no_22c043e9e56a33df99c4479e3c8d597f.js","se-Latn-NO":"orderform-controlstrings_nb-no_22c043e9e56a33df99c4479e3c8d597f.js","sma-Latn":"orderform-controlstrings_nb-no_22c043e9e56a33df99c4479e3c8d597f.js","sma-NO":"orderform-controlstrings_nb-no_22c043e9e56a33df99c4479e3c8d597f.js","bg-BG":"orderform-controlstrings_bg-bg_4ae3e13099c6f343a95b18145ac38c01.js","lv-LV":"orderform-controlstrings_lv-lv_47a148bcfcdf25bef35db02cc20326e9.js","fr-CA":"orderform-controlstrings_fr-ca_9568a74b2be607dc94badeb51691ab30.js","sk-SK":"orderform-controlstrings_sk-sk_e7e2a80d75dcf630464ed331d447ceda.js","sk":"orderform-controlstrings_sk-sk_e7e2a80d75dcf630464ed331d447ceda.js","ro-RO":"orderform-controlstrings_ro-ro_bade2de411b9b883a6dde68f1c97014c.js","ro":"orderform-controlstrings_ro-ro_bade2de411b9b883a6dde68f1c97014c.js","pt-PT":"orderform-controlstrings_pt-pt_142907b408e3920cd3ae65be5a73bbbf.js","pt":"orderform-controlstrings_pt-pt_142907b408e3920cd3ae65be5a73bbbf.js","tr-TR":"orderform-controlstrings_tr-tr_6560335c017b7ba3c171ac965e50490c.js","tr":"orderform-controlstrings_tr-tr_6560335c017b7ba3c171ac965e50490c.js","ru-RU":"orderform-controlstrings_ru-ru_4e7ab14f856d57b9914bd44f9d16a947.js","ru":"orderform-controlstrings_ru-ru_4e7ab14f856d57b9914bd44f9d16a947.js","ba":"orderform-controlstrings_ru-ru_4e7ab14f856d57b9914bd44f9d16a947.js","be":"orderform-controlstrings_ru-ru_4e7ab14f856d57b9914bd44f9d16a947.js","ky":"orderform-controlstrings_ru-ru_4e7ab14f856d57b9914bd44f9d16a947.js","mn":"orderform-controlstrings_ru-ru_4e7ab14f856d57b9914bd44f9d16a947.js","sah":"orderform-controlstrings_ru-ru_4e7ab14f856d57b9914bd44f9d16a947.js","tg":"orderform-controlstrings_ru-ru_4e7ab14f856d57b9914bd44f9d16a947.js","tt":"orderform-controlstrings_ru-ru_4e7ab14f856d57b9914bd44f9d16a947.js","tk":"orderform-controlstrings_ru-ru_4e7ab14f856d57b9914bd44f9d16a947.js","it-IT":"orderform-controlstrings_it-it_c27b17c137ea4aeae5d1baad1cf069eb.js","it":"orderform-controlstrings_it-it_c27b17c137ea4aeae5d1baad1cf069eb.js","vi-VN":"orderform-controlstrings_vi-vn_b888741b905d753ac8ae271213002881.js","vi":"orderform-controlstrings_vi-vn_b888741b905d753ac8ae271213002881.js","el-GR":"orderform-controlstrings_el-gr_216e08a0f3469a62be41560fed996a37.js","el":"orderform-controlstrings_el-gr_216e08a0f3469a62be41560fed996a37.js","pl-PL":"orderform-controlstrings_pl-pl_326bb40b9143e11b2608d108afe26a5f.js","sr-Latn-RS":"orderform-controlstrings_sr-latn-rs_841cd07c26bbe796c3dfa9461a6cfda6.js","sr":"orderform-controlstrings_sr-latn-rs_841cd07c26bbe796c3dfa9461a6cfda6.js","nl-NL":"orderform-controlstrings_nl-nl_5958dabce91eec3fedb85570ff0f4aff.js","nl":"orderform-controlstrings_nl-nl_5958dabce91eec3fedb85570ff0f4aff.js","fy":"orderform-controlstrings_nl-nl_5958dabce91eec3fedb85570ff0f4aff.js","da-DK":"orderform-controlstrings_da-dk_42dba729dcf4131183ba9048bbba2cf0.js","fo":"orderform-controlstrings_da-dk_42dba729dcf4131183ba9048bbba2cf0.js","kl":"orderform-controlstrings_da-dk_42dba729dcf4131183ba9048bbba2cf0.js","sv-SE":"orderform-controlstrings_sv-se_a853d2025e7db21fec0616c8fa4a1c3c.js","smj":"orderform-controlstrings_sv-se_a853d2025e7db21fec0616c8fa4a1c3c.js","se":"orderform-controlstrings_sv-se_a853d2025e7db21fec0616c8fa4a1c3c.js","sv":"orderform-controlstrings_sv-se_a853d2025e7db21fec0616c8fa4a1c3c.js","sma-SE":"orderform-controlstrings_sv-se_a853d2025e7db21fec0616c8fa4a1c3c.js","sma-Latn-SE":"orderform-controlstrings_sv-se_a853d2025e7db21fec0616c8fa4a1c3c.js","zh-CN":"orderform-controlstrings_zh-cn_ac10795aafedfce4a5bb10ee3c1589a4.js","zh":"orderform-controlstrings_zh-cn_ac10795aafedfce4a5bb10ee3c1589a4.js","mn-Mong":"orderform-controlstrings_zh-cn_ac10795aafedfce4a5bb10ee3c1589a4.js","bo":"orderform-controlstrings_zh-cn_ac10795aafedfce4a5bb10ee3c1589a4.js","ug":"orderform-controlstrings_zh-cn_ac10795aafedfce4a5bb10ee3c1589a4.js","ii":"orderform-controlstrings_zh-cn_ac10795aafedfce4a5bb10ee3c1589a4.js","zh-TW":"orderform-controlstrings_zh-tw_b67a504f7eb4cbcaf521d878bb814864.js","zh-HK":"orderform-controlstrings_zh-tw_b67a504f7eb4cbcaf521d878bb814864.js","zh-CHT":"orderform-controlstrings_zh-tw_b67a504f7eb4cbcaf521d878bb814864.js","zh-Hant":"orderform-controlstrings_zh-tw_b67a504f7eb4cbcaf521d878bb814864.js","zh-MO":"orderform-controlstrings_zh-tw_b67a504f7eb4cbcaf521d878bb814864.js","fr-FR":"orderform-controlstrings_fr-fr_014dc2ebd1e7e8df54a002aeee14e347.js","gsw":"orderform-controlstrings_fr-fr_014dc2ebd1e7e8df54a002aeee14e347.js","br":"orderform-controlstrings_fr-fr_014dc2ebd1e7e8df54a002aeee14e347.js","tzm-Tfng":"orderform-controlstrings_fr-fr_014dc2ebd1e7e8df54a002aeee14e347.js","co":"orderform-controlstrings_fr-fr_014dc2ebd1e7e8df54a002aeee14e347.js","fr":"orderform-controlstrings_fr-fr_014dc2ebd1e7e8df54a002aeee14e347.js","ff":"orderform-controlstrings_fr-fr_014dc2ebd1e7e8df54a002aeee14e347.js","lb":"orderform-controlstrings_fr-fr_014dc2ebd1e7e8df54a002aeee14e347.js","mg":"orderform-controlstrings_fr-fr_014dc2ebd1e7e8df54a002aeee14e347.js","oc":"orderform-controlstrings_fr-fr_014dc2ebd1e7e8df54a002aeee14e347.js","zgh":"orderform-controlstrings_fr-fr_014dc2ebd1e7e8df54a002aeee14e347.js","wo":"orderform-controlstrings_fr-fr_014dc2ebd1e7e8df54a002aeee14e347.js"}},"OrderformWebPartStrings":{"defaultPath":"orderform-orderformwebpartstrings_en-us_536e65149b0acf4d52c0043073b9fc59.js","type":"localizedPath","paths":{}},"@microsoft/sp-property-pane":{"type":"component","version":"1.11.0","id":"f9e737b7-f0df-4597-ba8c-3060f82380db"},"@microsoft/sp-lodash-subset":{"type":"component","version":"1.11.0","id":"73e1dc6c-8441-42cc-ad47-4bd3659f8a3a"},"@microsoft/sp-core-library":{"type":"component","version":"1.11.0","id":"7263c7d0-1d6a-45ec-8d85-d4d1d234171b"},"@microsoft/sp-webpart-base":{"type":"component","version":"1.11.0","id":"974a7777-0990-4136-8fa6-95d80114c2e0"},"react":{"type":"component","version":"16.8.5","id":"0d910c1c-13b9-4e1c-9aa4-b008c5e42d7d"},"react-dom":{"type":"component","version":"16.8.5","id":"aa0a46ec-1505-43cd-a44a-93f3a5aa460a"}}}}